Station,Element,Model,Resource,Waktu,Waktu Sisa
1,1,X,H,1.0,9.0
1,1,Y,H,1.0,9.0
1,2,X,R,6.25,2.75
1,2,Y,R,6.25,2.75
1,3,X,H,4.0,5.0
1,3,Y,H,4.0,5.0
1,4,X,H,0.0,5.0
1,4,Y,H,1.0,4.0
1,8,X,H,4.0,1.0
1,8,Y,H,0.0,4.0
4,7,X,H,2.0,8.0
4,7,Y,H,2.0,8.0
2,5,X,R,0.0,10.0
2,5,Y,R,6.25,3.75
3,6,X,H,0.0,10.0
3,6,Y,H,6.0,4.0
2,9,X,HRC,2.01,7.99
2,9,Y,HRC,2.01,1.7400000000000002
4,11,X,H,3.0,5.0
4,11,Y,H,3.0,5.0
3,10,X,HRC,0.0,10.0
3,10,Y,HRC,3.35,0.6499999999999999
