Station,Element,Model,Resource,Waktu,Waktu Sisa
4,1,X,R,4.4,5.6
4,1,Y,R,5.3,4.7
4,2,X,H,3.0,2.5999999999999996
4,2,Y,H,4.0,0.7000000000000002
2,3,X,HRC,4.0,6.0
2,3,Y,HRC,6.0,4.0
3,4,X,H,5.0,5.0
3,4,Y,H,7.0,3.0
4,5,X,HRC,4.0,6.0
4,5,Y,HRC,5.0,5.0
4,6,X,R,6.2,3.8
4,6,Y,R,7.4,2.5999999999999996
4,7,X,H,1.0,9.0
4,7,Y,H,2.0,8.0
4,8,X,HRC,4.0,6.0
4,8,Y,HRC,3.0,7.0
4,9,X,2,6.0,4.0
4,9,Y,2,5.0,5.0
