Station,Element,Model,Resource,Waktu,Waktu Sisa
1,1,X,3,4.4,5.6
1,1,Y,3,5.3,4.7
2,2,X,1,3.0,7.0
2,2,Y,1,4.0,6.0
2,3,X,2,4.0,6.0
2,3,Y,2,6.0,4.0
3,4,X,3,5.0,5.0
3,4,Y,3,7.0,3.0
4,5,X,3,4.0,6.0
4,5,Y,3,5.0,5.0
4,6,X,1,6.2,3.8
4,6,Y,1,7.4,2.5999999999999996
4,7,X,2,1.0,2.8
4,7,Y,2,2.0,0.5999999999999996
4,8,X,2,4.0,5.0
4,8,Y,2,3.0,5.0
6,9,X,2,6.0,4.0
6,9,Y,2,5.0,5.0
